uo_cod,uo,grupo_cod,fonte_cod,ipu_cod,iag_cod,vlr_limite_ano0,vlr_utilizado_ano0,vlr_transferido,vlr_limite_ano1,vlr_utilizado_ano1,vlr_limite_ano2,vlr_utilizado_ano2,vlr_limite_ano3,vlr_utilizado_ano3
1011,ALMG,3,10,1,0,276497900,276497900,0,290333000,290333000,304840000,304840000,320080000,320080000
1011,ALMG,4,10,1,0,14800000,14800000,0,15540000,15540000,16317000,16317000,17133000,17133000
1011,ALMG,3,10,7,0,69355000,69355000,0,72822000,72822000,76464000,76464000,80287000,80287000
1011,ALMG,1,10,1,0,1291921833,1291921833,0,1384914300,1384914300,1490766900,1490766900,1603605000,1603605000
1011,ALMG,1,10,5,0,378228000,378228000,0,397867700,397867700,420261100,420261100,444024000,444024000
1011,ALMG,1,10,9,0,2000000,2000000,0,2000000,2000000,2000000,2000000,2000000,2000000
1011,ALMG,5,10,1,0,11953000,11953000,0,11953000,11953000,11953000,11953000,11953000,11953000
1011,ALMG,3,10,9,0,30000,30000,0,30000,30000,30000,30000,30000,30000
1021,TCEMG,1,10,1,0,687358884,687358884,0,725060306,725060306,756237899,756237899,788756128,788756128
1021,TCEMG,4,10,1,0,18432210,18432210,0,19224795,19224795,20051461,20051461,20913674,20913674
1021,TCEMG,3,10,1,0,139003297,139003297,0,152862843,152862843,159435946,159435946,166291692,166291692
1021,TCEMG,3,10,7,0,62959098,62959098,0,77541250,77541250,80875524,80875524,84353172,84353172
1021,TCEMG,1,10,5,0,312612682,312612682,0,326055027,326055027,340075393,340075393,354698635,354698635
1021,TCEMG,3,10,9,0,1000,1000,0,1000,1000,1000,1000,1000,1000
1031,TJMG,1,10,5,0,1146518247,1146518247,0,1192378977,1192378977,1237689378,1237689378,1284721574,1284721574
1031,TJMG,1,10,9,0,1000,1000,0,1000,1000,1000,1000,1000,1000
1031,TJMG,1,10,1,0,8394265975,8394265975,0,8730036614,8730036614,9061778004,9061778004,9406125569,9406125569
1031,TJMG,3,10,7,0,756262799,756262799,0,786513311,786513311,816400817,816400817,847424047,847424047
1051,TJMMG,3,10,1,0,15583054,15583054,0,16128460,16128460,16692957,16692957,17277210,17277210
1051,TJMMG,4,10,1,0,8396854,8396854,0,8690743,8690743,8994919,8994919,9309742,9309742
1051,TJMMG,1,10,1,0,117606891,117606891,0,121756978,121756978,126050667,126050667,130502161,130502161
1051,TJMMG,1,10,9,0,1000,1000,0,1000,1000,1000,1000,1000,1000
1051,TJMMG,3,10,7,0,11475660,11475660,0,11877308,11877308,12293013,12293013,12723269,12723269
1051,TJMMG,1,10,5,0,14629453,14629453,0,15141484,15141484,15674436,15674436,16219936,16219936
1071,GABINETE MILITAR,4,80,1,0,14800000,14800000,0,0,0,0,0,0,0
1071,GABINETE MILITAR,4,25,1,1,130000,130000,0,0,0,0,0,0,0
1071,GABINETE MILITAR,3,10,1,1,1000,1000,0,1000,1000,1000,1000,1000,1000
1071,GABINETE MILITAR,1,10,1,0,8330350,8330350,0,8534347,8534347,8743340,8743340,8957451,8957451
1071,GABINETE MILITAR,3,10,7,0,1448485,1448485,0,1483957,1483957,1520297,1520297,1557527,1557527
1071,GABINETE MILITAR,3,10,1,0,27377973,27377973,0,28585342,28585342,29845956,29845956,31162163,31162163
1081,AGE,1,10,1,0,371866796,371866796,0,380973220,380973220,390302646,390302646,399860535,399860535
1081,AGE,3,10,1,0,29657457,29657457,0,30965351,30965351,32330923,32330923,33756717,33756717
1081,AGE,1,10,9,0,747417922,747417922,0,1000,1000,1000,1000,1000,1000
1081,AGE,4,10,1,0,3136462,3136462,0,3136462,3136462,3136462,3136462,3136462,3136462
1081,AGE,3,10,9,0,564929952,564929952,0,0,0,0,0,0,0
1081,AGE,3,10,7,0,24168517,24168517,0,24760366,24760366,25366708,25366708,25987899,25987899
1091,PGJ,1,10,1,0,2885700000,2885700000,0,3055848740,3055848740,3150629883,3150629883,3227681196,3227681196
1091,PGJ,4,10,3,0,1663225,1663225,0,0,0,0,0,0,0
1091,PGJ,4,10,1,0,33336775,33336775,0,37677500,37677500,37677500,37677500,37677500,37677500
1091,PGJ,3,10,1,0,392172255,392172255,0,490041497,490041497,509643157,509643157,530028883,530028883
1091,PGJ,3,10,7,0,348000000,348000000,0,227503205,227503205,233589133,233589133,239918498,239918498
1091,PGJ,1,10,9,0,1000,1000,0,1000,1000,1000,1000,1000,1000
1091,PGJ,1,10,5,0,124799000,124799000,0,152208919,152208919,155253097,155253097,158358159,158358159
1091,PGJ,5,10,1,0,5000000,5000000,0,5382500,5382500,5382500,5382500,5382500,5382500
1101,OGE,3,10,1,0,2003846,2003846,0,2092216,2092216,2184483,2184483,2280819,2280819
1101,OGE,3,10,7,0,1521152,1521152,0,1558403,1558403,1596566,1596566,1635664,1635664
1101,OGE,1,10,1,0,15149831,15149831,0,15520827,15520827,15900908,15900908,16290296,16290296
1191,SEF,4,10,1,0,4546514,4546514,0,4546514,4546514,4546514,4546514,4546514,4546514
1191,SEF,1,15,1,0,1596505386,1596505386,0,1635601252,1635601252,1675654514,1675654514,1716688616,1716688616
1191,SEF,3,10,1,0,230373430,230373430,0,239588367,239588367,249171902,249171902,259138778,259138778
1191,SEF,1,10,1,0,1202693,1202693,0,1232146,1232146,1262320,1262320,1293233,1293233
1191,SEF,3,10,1,1,6415694,6415694,0,6672322,6672322,6939215,6939215,7216784,7216784
1191,SEF,3,29,1,0,29232687,29232687,0,30401994,30401994,31618074,31618074,32882797,32882797
1191,SEF,3,27,1,0,20000000,20000000,0,20000000,20000000,20000000,20000000,20000000,20000000
1191,SEF,4,48,1,0,17220626,17220626,0,17220626,17220626,17220626,17220626,17220626,17220626
1191,SEF,3,10,7,0,76904128,76904128,0,78787388,78787388,80716766,80716766,82693391,82693391
1221,SEDE,3,10,1,1,964177,964177,0,864261,864261,909462,909462,957027,957027
1221,SEDE,4,80,1,0,4000000,4000000,0,0,0,0,0,0,0
1221,SEDE,5,80,1,0,70200000,70200000,0,0,0,0,0,0,0
1221,SEDE,4,10,1,0,250000,250000,0,250000,250000,250000,250000,250000,250000
1221,SEDE,3,80,1,1,47501208,47501208,0,0,0,0,0,0,0
1221,SEDE,3,32,1,1,123073,123073,0,129510,129510,136283,136283,143411,143411
1221,SEDE,3,10,1,0,17087437,17087437,0,15992529,15992529,16828938,16828938,17709091,17709091
1221,SEDE,3,32,1,0,4533664,4533664,0,4770774,4770774,5020286,5020286,5282847,5282847
1221,SEDE,4,32,1,0,11192448,11192448,0,11192447,11192447,11192447,11192447,11192447,11192447
1221,SEDE,3,10,7,0,3277097,3277097,0,3357348,3357348,3439565,3439565,3523795,3523795
1221,SEDE,3,80,1,0,9703876,9703876,0,0,0,0,0,0,0
1221,SEDE,1,10,1,0,21940165,21940165,0,22477445,22477445,23027882,23027882,23591799,23591799
1231,SEAPA,4,80,1,0,30000000,30000000,0,31132850,31132850,32308712,32308712,33528985,33528985
1231,SEAPA,3,59,1,0,3522082,3522082,0,3677406,3677406,3839580,3839580,4008905,4008905
1231,SEAPA,1,10,1,0,21572634,21572634,0,22100914,22100914,22642131,22642131,23196601,23196601
1231,SEAPA,1,71,1,1,1618259,1618259,0,1657888,1657888,1698488,1698488,1740082,1740082
1231,SEAPA,3,10,7,0,2979943,2979943,0,3052918,3052918,3127680,3127680,3204272,3204272
1231,SEAPA,3,71,1,1,18318498,18318498,0,19051238,19051238,19813288,19813288,20605820,20605820
1231,SEAPA,3,10,1,0,12495112,12510499,0,13046146,13046146,13621481,13621481,14222188,14222188
1231,SEAPA,3,71,7,1,241849,241849,0,247772,247772,253840,253840,260057,260057
1231,SEAPA,3,71,1,0,9591577,9591577,0,9975240,9975240,10374250,10374250,10789220,10789220
1231,SEAPA,4,10,1,0,14440,14440,0,14440,14440,14440,14440,14440,14440
1231,SEAPA,3,80,1,0,10256474,10256474,0,10639514,10639514,11036877,11036877,11449070,11449070
1251,PMMG,1,10,1,0,16442911143,16442911143,0,16685531930,16685531930,16931732670,16931732670,17181566187,17181566187
1251,PMMG,3,60,1,0,7183124,7183124,0,7499900,7499900,7830646,7830646,8175977,8175977
1251,PMMG,3,10,1,1,1050,1050,0,1096,1096,1144,1144,1194,1194
1251,PMMG,3,10,1,0,292487670,292487670,0,305386376,305386376,318853915,318853915,332915373,332915373
1251,PMMG,3,10,7,0,1102617230,1102617230,0,1118886725,1118886725,1135396282,1135396282,1152149444,1152149444
1251,PMMG,3,82,1,0,15000000,15000000,0,15661500,15661500,16352172,16352172,17073303,17073303
1251,PMMG,1,75,1,0,580294911,580294911,0,588857362,588857362,597546155,597546155,606363154,606363154
1251,PMMG,1,27,1,0,135219284,135219284,0,137214491,137214491,139239138,139239138,141293660,141293660
1251,PMMG,4,10,1,0,6334208,6334208,0,6334208,6334208,6334208,6334208,6334208,6334208
1251,PMMG,1,30,1,0,158202401,158202401,0,160536732,160536732,162905507,162905507,165309234,165309234
1261,SEE,5,10,1,0,10000000,10000000,0,10000000,10000000,10000000,10000000,10000000,10000000
1261,SEE,3,71,0,1,141698901,141698901,0,147947823,147947823,154472322,154472322,161284551,161284551
1261,SEE,4,10,0,0,163596206,163596206,0,163596206,163596206,163596206,163596206,163596206,163596206
1261,SEE,3,13,1,0,2194500,2194500,0,2282280,2282280,2373571,2373571,2468514,2468514
1261,SEE,3,10,3,0,88119,88119,0,90763,90763,93486,93486,96290,96290
1261,SEE,1,23,1,0,13592585765,13592585765,0,13929681892,13929681892,14275138003,14275138003,14629161425,14629161425
1261,SEE,3,10,1,1,66195650,66195650,0,69114878,69114878,72162844,72162844,75345225,75345225
1261,SEE,4,10,1,0,237417564,237417564,0,237417564,237417564,237417564,237417564,237417564,237417564
1261,SEE,4,89,1,0,200000000,200000000,0,200000000,200000000,200000000,200000000,200000000,200000000
1261,SEE,4,10,0,1,145000000,145000000,0,145000000,145000000,145000000,145000000,145000000,145000000
1261,SEE,3,10,0,1,468827690,468827690,0,486656157,486656157,508117694,508117694,530525684,530525684
1261,SEE,3,23,7,0,292950550,292950550,0,300221904,300221904,307673741,307673741,315310540,315310540
1261,SEE,4,10,1,1,124012435,124012435,0,124012435,124012435,124012435,124012435,124012435,124012435
1261,SEE,4,89,1,1,23231200,23231200,0,23231200,23231200,23231200,23231200,23231200,23231200
1261,SEE,3,10,7,0,892345,892345,0,914494,914494,937193,937193,960456,960456
1261,SEE,3,10,1,0,1716781915,1716781915,0,1792491997,1792491997,1871540894,1871540894,1954075847,1954075847
1261,SEE,4,21,3,1,283020,283020,0,283020,283020,283020,283020,283020,283020
1261,SEE,3,10,0,0,200000000,200000000,0,208820000,208820000,218028962,218028962,227644039,227644039
1261,SEE,3,21,1,0,899984480,899984480,0,939673796,939673796,981113410,981113410,1024380511,1024380511
1261,SEE,1,10,1,0,1806064440,1806064440,0,1850854838,1850854838,1896756038,1896756038,1943795588,1943795588
1261,SEE,3,89,1,0,150000000,150000000,0,156615000,156615000,163521722,163521722,170733030,170733030
1271,SECULT,3,10,1,0,35090327,35090327,0,36637810,36637810,38253537,38253537,39940518,39940518
1271,SECULT,1,10,1,0,26984745,26984745,0,27645559,27645559,28322555,28322555,29016130,29016130
1271,SECULT,3,10,1,1,57600,57600,0,60140,60140,62792,62792,65561,65561
1271,SECULT,3,10,7,0,4627740,4627740,0,4741066,4741066,4857168,4857168,4976113,4976113
1301,SEINFRA,3,10,1,0,69517001,69517001,0,72297681,72297681,75189588,75189588,78197172,78197172
1301,SEINFRA,4,95,1,0,324157748,324157748,0,0,0,0,0,0,0
1301,SEINFRA,3,10,7,0,7452917,7452917,0,7635513,7635513,7822583,7822583,8014236,8014236
1301,SEINFRA,4,32,0,0,13206307,13206307,0,13206307,13206307,13206307,13206307,13206307,13206307
1301,SEINFRA,4,10,1,0,29425835,29426835,0,29425835,29425835,29425835,29425835,29425835,29425835
1301,SEINFRA,1,10,1,0,46038568,46038568,0,47166513,47166513,48322093,48322093,49505984,49505984
1301,SEINFRA,4,10,0,0,25285413,25285413,0,25285413,25285413,25285413,25285413,25285413,25285413
1371,SEMAD,3,94,1,0,2144110,2144110,0,2238665,2238665,2337390,2337390,2440469,2440469
1371,SEMAD,3,79,1,0,4000000,4000000,0,4176400,4176400,4360579,4360579,4552881,4552881
1371,SEMAD,1,72,1,0,107485536,107485536,0,110117686,110117686,112814293,112814293,115576935,115576935
1371,SEMAD,3,94,1,1,160989,160989,0,168089,168089,175502,175502,183242,183242
1371,SEMAD,4,80,1,0,3160000,3160000,0,0,0,0,0,0,0
1371,SEMAD,3,29,1,0,656340,656340,0,685285,685285,715506,715506,747060,747060
1371,SEMAD,4,72,1,0,358651,358651,0,358651,358651,358651,358651,358651,358651
1371,SEMAD,3,72,1,1,396968,396968,0,414474,414474,432752,432752,451836,451836
1371,SEMAD,3,80,1,0,14656357,14656357,0,0,0,0,0,0,0
1371,SEMAD,3,72,1,0,26496408,26496408,0,27664900,27664900,28884922,28884922,30158747,30158747
1371,SEMAD,3,31,7,0,18435280,18435280,0,18886731,18886731,19349237,19349237,19823069,19823069
1401,CBMMG,3,27,1,0,7703604,7703604,0,8043333,8043333,8398044,8398044,8768398,8768398
1401,CBMMG,4,10,1,0,1438645,1438645,0,1438645,1438645,1438645,1438645,1438645,1438645
1401,CBMMG,3,10,7,0,166220048,166220048,0,168672682,168672682,171161506,171161506,173687053,173687053
1401,CBMMG,3,60,1,0,2094122,2094122,0,2186473,2186473,2282896,2282896,2383572,2383572
1401,CBMMG,3,27,1,1,1129277,1129277,0,1179078,1179078,1231075,1231075,1285365,1285365
1401,CBMMG,3,10,1,0,60595668,60595668,0,61148974,61148974,63845644,63845644,66661237,66661237
1401,CBMMG,4,25,1,0,4661665,4661665,0,0,0,0,0,0,0
1401,CBMMG,4,27,1,1,2160000,2160000,0,2160000,2160000,2160000,2160000,2160000,2160000
1401,CBMMG,1,10,1,0,1970332594,1970332594,0,1999405527,1999405527,2028907441,2028907441,2058844666,2058844666
1441,DEF PUB,1,10,9,0,1000,1000,0,1000,1000,1000,1000,1000,1000
1441,DEF PUB,1,10,1,0,791270300,791270300,0,825294923,825294923,860782605,860782605,897796256,897796256
1441,DEF PUB,3,10,1,0,156504884,156504884,0,162766159,162766159,169277933,169277933,176050238,176050238
1441,DEF PUB,1,10,5,0,1000000,1000000,0,1043000,1043000,1087849,1087849,1134627,1134627
1441,DEF PUB,4,10,1,0,5000000,5000000,0,5000000,5000000,5000000,5000000,5000000,5000000
1441,DEF PUB,3,10,7,0,75903360,75903360,0,79167204,79167204,82571395,82571395,86121965,86121965
1451,SEJUSP,1,10,1,0,1926000297,1926000297,0,1934209101,1934209101,1962835396,1962835396,1991885360,1991885360
1451,SEJUSP,3,10,1,0,353708669,504422851,0,1283127233,1283127233,1339713144,1339713144,1398794494,1398794494
1451,SEJUSP,3,10,1,1,41116142,42894289,0,44785927,44785927,46760986,46760986,48823145,48823145
1451,SEJUSP,3,27,7,0,30183513,30183513,0,30628882,30628882,31080822,31080822,31539431,31539431
1451,SEJUSP,1,27,1,0,1082032369,1082032369,0,1118342448,1118342448,1134893916,1134893916,1151690346,1151690346
1451,SEJUSP,1,57,2,0,1138967,1138967,0,1155773,1155773,1172827,1172827,1190133,1190133
1451,SEJUSP,4,10,1,0,6718229,6718229,0,24730741,24730741,24730741,24730741,24730741,24730741
1451,SEJUSP,3,60,1,0,8027237,8027237,0,8381238,8381238,8750851,8750851,9136764,9136764
1451,SEJUSP,3,10,7,0,526114795,526114795,0,533877800,533877800,541755350,541755350,549749136,549749136
1451,SEJUSP,3,61,1,0,61000,61000,0,63690,63690,66499,66499,69432,69432
1451,SEJUSP,4,10,1,1,4868789,4868789,0,4868789,4868789,4868789,4868789,4868789,4868789
1481,SEDESE,4,10,1,0,80000,80000,0,80000,80000,80000,80000,80000,80000
1481,SEDESE,3,71,7,1,173705,173705,0,177959,177959,182317,182317,186782,186782
1481,SEDESE,3,80,1,1,3149019,3149019,0,0,0,0,0,0,0
1481,SEDESE,1,71,1,0,16208121,16208121,0,16605032,16605032,17011663,17011663,17428252,17428252
1481,SEDESE,3,71,7,0,2502464,2502464,0,2563746,2563746,2626529,2626529,2690849,2690849
1481,SEDESE,3,10,7,0,8863991,8863991,0,9081056,9081056,9303437,9303437,9531264,9531264
1481,SEDESE,1,10,1,0,50717328,50717328,0,51959315,51959315,53231716,53231716,54535276,54535276
1481,SEDESE,4,71,1,1,9000000,9000000,0,9000000,9000000,9000000,9000000,9000000,9000000
1481,SEDESE,4,71,1,0,700000,700000,0,700000,700000,700000,700000,700000,700000
1481,SEDESE,3,71,1,0,33303341,33303341,0,34635475,34635475,36020894,36020894,37461730,37461730
1481,SEDESE,1,71,1,1,1447525,1447525,0,1482973,1482973,1519289,1519289,1556494,1556494
1481,SEDESE,3,80,1,0,7098500,7098500,0,0,0,0,0,0,0
1481,SEDESE,3,10,1,0,1739777,1739777,0,1830767,1830767,1926516,1926516,2027273,2027273
1481,SEDESE,3,71,1,1,60242357,60242357,0,62652051,62652051,65158133,65158133,67764458,67764458
1491,SEGOV,3,10,7,0,5041792,5041792,0,5165258,5165258,5291747,5291747,5421334,5421334
1491,SEGOV,1,10,1,0,48354448,48354448,0,49538572,49538572,50751693,50751693,51994521,51994521
1491,SEGOV,3,10,1,0,1439078135,1439078135,0,1497837526,1497837526,1557751027,1557751027,1620061068,1620061068
1491,SEGOV,4,10,1,0,12849678,12849678,0,12849678,12849678,12849678,12849678,12849678,12849678
1491,SEGOV,3,10,1,1,1000,1000,0,1000,1000,1000,1000,1000,1000
1501,SEPLAG,3,10,1,1,6967692,6967692,0,7246400,7246400,7536256,7536256,7837706,7837706
1501,SEPLAG,1,80,1,0,465500,465500,0,0,0,0,0,0,0
1501,SEPLAG,3,94,1,0,4455599,4455599,0,4652091,4652091,4857248,4857248,5071453,5071453
1501,SEPLAG,3,10,7,0,21801367,21801367,0,22335248,22335248,22882203,22882203,23442552,23442552
1501,SEPLAG,4,15,1,0,1033274,1033274,0,1033274,1033274,1033274,1033274,1033274,1033274
1501,SEPLAG,3,82,1,0,114990309,114990309,0,119589921,119589921,124373518,124373518,129348459,129348459
1501,SEPLAG,3,10,1,0,301739317,301739317,0,313808890,313808890,326361245,326361245,339415695,339415695
1501,SEPLAG,3,95,1,0,1000,1000,0,1000,1000,1000,1000,1000,1000
1501,SEPLAG,1,10,1,0,293868791,293868791,0,301065169,301065169,308437774,308437774,315990923,315990923
1501,SEPLAG,4,10,1,0,42997668,42997668,0,42997668,42997668,42997668,42997668,42997668,42997668
1501,SEPLAG,4,82,1,0,6502284,6502284,0,6502284,6502284,6502284,6502284,6502284,6502284
1501,SEPLAG,3,80,1,0,15923779,15923779,0,0,0,0,0,0,0
1501,SEPLAG,3,15,1,0,213137271,213137271,0,221662762,221662762,230529272,230529272,239750443,239750443
1501,SEPLAG,4,25,1,0,5109300,5109300,0,0,0,0,0,0,0
1511,PCMG,1,57,2,0,13543,13543,0,13743,13743,13946,13946,14152,14152
1511,PCMG,4,10,1,0,34325552,34325552,0,34325552,34325552,34325552,34325552,34325552,34325552
1511,PCMG,3,10,7,0,299971132,299971132,0,304397309,304397309,308888796,308888796,313446557,313446557
1511,PCMG,1,11,1,0,1303750929,1303750929,0,1336131387,1336131387,1355906132,1355906132,1375973543,1375973543
1511,PCMG,1,10,1,0,1505142205,1505142205,0,1514333366,1514333366,1536745500,1536745500,1559489333,1559489333
1511,PCMG,3,10,1,0,221470381,221470381,0,212519792,212519792,221891915,221891915,231677348,231677348
1511,PCMG,3,10,1,1,3000,3000,0,3120,3120,3249,3249,3378,3378
1511,PCMG,4,25,1,0,700000,700000,0,0,0,0,0,0,0
1521,CGE,3,59,1,0,40000,40000,0,41600,41600,43264,43264,44995,44995
1521,CGE,3,10,1,0,2922925,2922925,0,3039842,3039842,3161436,3161436,3287893,3287893
1521,CGE,4,10,1,0,1052100,1052100,0,1052100,1052100,1052100,1052100,1052100,1052100
1521,CGE,3,10,7,0,3340494,3340494,0,3422298,3422298,3506105,3506105,3591964,3591964
1521,CGE,1,10,1,0,65231757,65231757,0,66829179,66829179,68465719,68465719,70142336,70142336
1541,ESP MG,1,10,1,0,17243430,17243430,0,17739064,17739064,18248944,18248944,18773480,18773480
1541,ESP MG,4,10,1,0,6410000,6410000,0,6410000,6410000,6410000,6410000,6410000,6410000
1541,ESP MG,3,10,7,0,1410967,1410967,0,1451523,1451523,1493245,1493245,1536166,1536166
1541,ESP MG,3,10,1,0,6473885,6473885,0,6759383,6759383,7057472,7057472,7368707,7368707
1631,SEC. GERAL,3,10,7,0,590237,590237,0,604691,604691,619499,619499,634670,634670
1631,SEC. GERAL,1,10,1,0,9190097,9190097,0,9415148,9415148,9645710,9645710,9881919,9881919
1631,SEC. GERAL,3,10,1,0,3634092,3634092,0,3794355,3794355,3961686,3961686,4136396,4136396
1711,SECOM,3,10,1,0,132010655,132010655,0,137832325,137832325,143910731,143910731,150257194,150257194
1711,SECOM,3,10,7,0,1519408,1519408,0,1556616,1556616,1594736,1594736,1633789,1633789
1711,SECOM,1,10,1,0,11634469,11634469,0,11919379,11919379,12211266,12211266,12510301,12510301
1721,SCC,4,10,1,0,83108,83108,0,83108,83108,83108,83108,83108,83108
1721,SCC,3,10,1,0,3994390,3994390,0,4154166,4154166,4320333,4320333,4493146,4493146
1721,SCC,3,10,7,0,836807,836807,0,857300,857300,878294,878294,899803,899803
1721,SCC,1,10,1,0,6822629,6822629,0,6989705,6989705,7160872,7160872,7336231,7336231
1911,EGE - SEF,3,51,1,0,947387,947387,0,1004231,1004231,1064485,1064485,1128354,1128354
1911,EGE - SEF,3,10,1,0,986535640,986535640,0,1045727778,1045727778,1108471444,1108471444,1174979732,1174979732
1915,PARTICIPAÇÃO EMPRESAS,5,10,1,0,9000,9000,0,9000,9000,9000,9000,9000,9000
1916,GDPE - SEF,2,10,1,0,1144708920,1144708920,0,1004713151,1004713151,865191842,865191842,728214035,728214035
1916,GDPE - SEF,2,11,1,0,249451387,249451387,0,250000000,250000000,250000000,250000000,250000000,250000000
1916,GDPE - SEF,6,10,1,0,5020527027,5020527027,0,6329391221,6329391221,7909663446,7909663446,8911640715,8911640715
1916,GDPE - SEF,3,10,1,0,1860660343,1860660343,0,1968471577,1968471577,2073427136,2073427136,2166715039,2166715039
1916,GDPE - SEF,5,10,1,0,1000,1000,0,1000,1000,1000,1000,1000,1000
1941,EGE-SEPLAG,1,10,1,0,214736657,214736657,0,225853339,225853339,237545520,237545520,249842992,249842992
1941,EGE-SEPLAG,3,10,1,0,5332552,5332552,0,5649854,5649854,5875848,5875848,6110882,6110882
1951,EGE - CASA CIVIL,4,10,3,0,4415051,4415051,0,4547501,4547501,4683926,4683926,4824445,4824445
1951,EGE - CASA CIVIL,3,71,3,0,13498418,13498418,0,13498418,13498418,13498418,13498418,13498418,13498418
1951,EGE - CASA CIVIL,3,10,3,0,8096745,8096745,0,8339648,8339648,8589837,8589837,8847532,8847532
1991,RC,9,10,1,0,1207332593,1207332593,0,1244759904,1244759904,1282102701,1282102701,1320565782,1320565782
2011,IPSEMG,1,10,9,0,171924791,171924791,0,1000,1000,1000,1000,1000,1000
2011,IPSEMG,1,60,9,0,5900000,5900000,0,0,0,0,0,0,0
2011,IPSEMG,1,57,2,0,7356625,7356625,0,7568079,7568079,7785611,7785611,8009396,8009396
2011,IPSEMG,3,49,7,0,36014656,36014656,0,37049837,37049837,38114773,38114773,39210319,39210319
2011,IPSEMG,4,10,1,0,3958464,3958464,0,3958464,3958464,3958464,3958464,3958464,3958464
2011,IPSEMG,3,10,1,0,23888520,23888520,0,24844061,24844061,25837823,25837823,26871336,26871336
2011,IPSEMG,3,60,9,0,100000,100000,0,0,0,0,0,0,0
2011,IPSEMG,3,49,1,0,307970006,307970006,0,320288806,320288806,333100358,333100358,346424372,346424372
2011,IPSEMG,3,10,9,0,1462412,1462412,0,0,0,0,0,0,0
2011,IPSEMG,1,49,1,0,301419400,301419400,0,310083195,310083195,318996016,318996016,328165021,328165021
2041,LEMG,1,60,1,0,4000384,2223557,1776827,2278009,2278009,2333794,2333794,2390945,2390945
2041,LEMG,1,60,9,0,435033,435033,0,1000,1000,1000,1000,1000,1000
2041,LEMG,3,60,1,0,2997094,2689174,307920,2807767,2807767,2931590,2931590,3060873,3060873
2041,LEMG,4,60,1,0,33000,33000,0,33000,33000,33000,33000,33000,33000
2041,LEMG,3,60,7,0,357876,357876,0,366640,366640,375619,375619,384818,384818
2061,FJP,3,60,1,0,5138000,5138000,0,5343520,5343520,5557261,5557261,5779551,5779551
2061,FJP,3,10,1,0,13070414,13070414,0,13593231,13593231,14136960,14136960,14702438,14702438
2061,FJP,1,10,9,0,1000,1000,0,1000,1000,1000,1000,1000,1000
2061,FJP,3,10,7,0,3771430,3771430,0,3863787,3863787,3958405,3958405,4055341,4055341
2061,FJP,1,10,1,0,54979585,54979585,0,56325948,56325948,57705281,57705281,59118392,59118392
2071,FAPEMIG,4,10,1,0,120787376,120787376,0,120787376,120787376,120787376,120787376,120787376,120787376
2071,FAPEMIG,5,10,1,0,600000,600000,0,600000,600000,600000,600000,600000,600000
2071,FAPEMIG,1,60,9,0,351622,351622,0,1000,1000,1000,1000,1000,1000
2071,FAPEMIG,4,10,1,1,22718321,22718321,0,22718321,22718321,22718321,22718321,22718321,22718321
2071,FAPEMIG,3,10,7,0,1351328,1351328,0,1384420,1384420,1418323,1418323,1453056,1453056
2071,FAPEMIG,3,10,1,1,62736066,62736066,0,65468345,65468345,68355499,68355499,71369977,71369977
2071,FAPEMIG,1,10,1,0,10675405,10675405,0,10936829,10936829,11204655,11204655,11479040,11479040
2071,FAPEMIG,3,10,1,0,391065334,391065334,0,408100074,408100074,426097287,426097287,444888177,444888177
2071,FAPEMIG,3,10,3,0,454650,454650,0,0,0,0,0,0,0
2091,FEAM,4,72,1,0,4500,4500,0,4500,4500,4500,4500,4500,4500
2091,FEAM,1,72,1,0,30573890,30573890,0,31322950,31322950,32090362,32090362,32876576,32876576
2091,FEAM,1,52,1,0,10109542,5249666,4859876,5378222,5378222,5509927,5509927,5644857,5644857
2091,FEAM,1,60,9,0,2313172,2313172,0,1000,1000,1000,1000,1000,1000
2091,FEAM,1,60,1,0,16850828,16850828,0,17263673,17263673,17686633,17686633,18119956,18119956
2091,FEAM,3,72,7,0,9917648,9917648,0,10160516,10160516,10409331,10409331,10664239,10664239
2091,FEAM,3,72,1,0,16688259,16688259,0,17424211,17424211,18192619,18192619,18994913,18994913
2101,IEF,3,60,9,0,1034345,1034345,0,0,0,0,0,0,0
2101,IEF,4,72,1,0,19147,19147,0,19147,19147,19147,19147,19147,19147
2101,IEF,3,72,7,0,20849186,20849186,0,21359750,21359750,21882817,21882817,22418693,22418693
2101,IEF,3,72,1,0,73807828,73807828,0,77062753,77062753,80461220,80461220,84009560,84009560
2101,IEF,3,72,3,0,10385,10385,0,10697,10697,11017,11017,11348,11348
2101,IEF,3,61,1,0,4153721,4153721,0,4336900,4336900,4528157,4528157,4727849,4727849
2101,IEF,1,60,9,0,3534985,3534985,0,1000,1000,1000,1000,1000,1000
2101,IEF,1,26,1,0,107340444,107340444,0,109970285,109970285,112664557,112664557,115424839,115424839
2101,IEF,3,80,1,0,84186914,84186914,0,0,0,0,0,0,0
2101,IEF,1,72,1,0,18771662,18771662,0,19231568,19231568,19702741,19702741,20185458,20185458
2101,IEF,5,61,1,0,17499900,17499900,0,17499900,17499900,17499900,17499900,17499900,17499900
2121,IPSM,3,49,9,0,495813,495813,0,0,0,0,0,0,0
2121,IPSM,1,49,1,0,1463989864,1463989864,0,1499840637,1499840637,1536569338,1536569338,1574197466,1574197466
2121,IPSM,1,50,1,0,832409245,832409245,0,852793618,852793618,873677172,873677172,895072130,895072130
2121,IPSM,3,49,1,0,686256891,686256891,0,716520820,716520820,748119388,748119388,781111453,781111453
2121,IPSM,1,49,9,0,33121318,33121318,0,1000,1000,1000,1000,1000,1000
2121,IPSM,4,60,1,0,10164566,362257,9802309,362256,362256,362256,362256,362256,362256
2121,IPSM,3,50,1,0,256817229,256817229,0,268142869,268142869,279967970,279967970,292314557,292314557
2121,IPSM,1,60,1,0,884722,0,884722,0,0,0,0,0,0
2121,IPSM,3,50,7,0,2705470,2705470,0,2771723,2771723,2839599,2839599,2909137,2909137
2121,IPSM,3,60,1,0,208411260,73103124,135308136,77263688,77263688,80671017,80671017,84228609,84228609
2121,IPSM,1,57,2,0,70000,70000,0,71715,71715,73472,73472,75272,75272
2151,FHA,4,10,1,0,3683000,3683000,0,3200000,3200000,3200000,3200000,3200000,3200000
2151,FHA,3,10,7,0,5823285,5823285,0,5967826,5967826,6115954,6115954,6267759,6267759
2151,FHA,1,10,1,0,36677683,36677683,0,37588064,37588064,38521041,38521041,39477176,39477176
2151,FHA,3,10,1,0,27930825,27930825,0,29666875,29666875,30975184,30975184,32341190,32341190
2151,FHA,3,60,9,0,1000,1000,0,1000,1000,1000,1000,1000,1000
2161,FUCAM,3,10,7,0,722490,722490,0,740183,740183,758309,758309,776879,776879
2161,FUCAM,3,10,1,0,9350912,9350912,0,9763287,9763287,10193848,10193848,10643397,10643397
2161,FUCAM,1,10,1,0,3948796,3948796,0,4045496,4045496,4144564,4144564,4246058,4246058
2161,FUCAM,1,10,9,0,207417,207417,0,1000,1000,1000,1000,1000,1000
2161,FUCAM,4,10,1,0,15184,15184,0,15184,15184,15184,15184,15184,15184
2171,FAOP,3,10,1,1,1000,1000,0,1044,1044,1090,1090,1138,1138
2171,FAOP,3,10,1,0,1145946,1191292,0,1196482,1196482,1249247,1249247,1304339,1304339
2171,FAOP,4,10,1,0,51800,51800,0,54084,54084,56469,56469,58959,58959
2171,FAOP,3,10,7,0,532008,532008,0,545037,545037,558385,558385,572059,572059
2171,FAOP,1,10,1,0,2641831,2643831,0,2706526,2706526,2772805,2772805,2840707,2840707
2171,FAOP,3,60,1,0,1000000,1000000,0,1044100,1044100,1090145,1090145,1138220,1138220
2171,FAOP,1,10,9,0,1000,1000,0,1000,1000,1000,1000,1000,1000
2181,FCS,3,60,1,0,2478552,2478552,0,2587856,2587856,2701980,2701980,2821137,2821137
2181,FCS,3,10,1,1,1000,1000,0,1044,1044,1090,1090,1138,1138
2181,FCS,3,10,9,0,71986,71986,0,0,0,0,0,0,0
2181,FCS,4,47,1,0,5000,5000,0,5221,5221,5451,5451,5691,5691
2181,FCS,1,10,1,0,24128670,24128670,0,24719543,24719543,25324886,25324886,25945052,25945052
2181,FCS,3,10,7,0,4637977,4637977,0,4751554,4751554,4867912,4867912,4987120,4987120
2181,FCS,3,10,1,0,27293598,27293598,0,28016960,28016960,29252508,29252508,30542544,30542544
2181,FCS,1,10,9,0,7372703,7372703,0,1000,1000,1000,1000,1000,1000
2201,IEPHA,3,10,3,0,7000,7000,0,12747,12747,13130,13130,13524,13524
2201,IEPHA,3,10,1,0,8536668,8536668,0,8913135,8913135,9306204,9306204,9716608,9716608
2201,IEPHA,3,60,1,0,4735,4735,0,4944,4944,5162,5162,5390,5390
2201,IEPHA,3,10,7,0,1503339,1503339,0,1540154,1540154,1577870,1577870,1616510,1616510
2201,IEPHA,1,10,1,0,11042625,11042625,0,11313042,11313042,11590081,11590081,11873904,11873904
2201,IEPHA,4,10,3,0,5376,5376,0,12747,12747,13130,13130,13524,13524
2201,IEPHA,1,10,9,0,1193926,1193926,0,1000,1000,1000,1000,1000,1000
2211,TV MINAS,1,60,9,0,443809,443809,0,1000,1000,1000,1000,1000,1000
2211,TV MINAS,3,60,9,0,61558,61558,0,0,0,0,0,0,0
2211,TV MINAS,3,10,1,0,3896499,3896499,0,4052359,4052359,4214453,4214453,4383031,4383031
2211,TV MINAS,3,10,7,0,1893466,1893466,0,1939834,1939834,1987338,1987338,2036005,2036005
2211,TV MINAS,3,60,1,0,3714633,3714633,0,3863218,3863218,4017747,4017747,4178457,4178457
2211,TV MINAS,1,10,1,0,6539322,6539322,0,6699460,6699460,6863520,6863520,7031597,7031597
2241,IGAM,4,72,1,0,216554,216554,0,216554,216554,216554,216554,216554,216554
2241,IGAM,4,80,1,0,35000000,35000000,0,0,0,0,0,0,0
2241,IGAM,3,72,7,0,4342975,4342975,0,4449328,4449328,4558285,4558285,4669911,4669911
2241,IGAM,3,80,1,0,23021667,23021667,0,0,0,0,0,0,0
2241,IGAM,3,60,1,0,1386549,5000,1381549,5000,5000,5000,5000,5000,5000
2241,IGAM,1,72,1,0,27536048,27536048,0,28210362,28210362,28901189,28901189,29608933,29608933
2241,IGAM,1,91,9,0,726546,726546,0,1000,1000,1000,1000,1000,1000
2241,IGAM,3,72,1,0,13383380,13383380,0,13973587,13973587,14589822,14589822,15233233,15233233
2251,JUCEMG,3,60,7,0,4338922,4338922,0,4445176,4445176,4554032,4554032,4665553,4665553
2251,JUCEMG,1,60,1,0,22678797,18471158,4207639,18923488,18923488,19386894,19386894,19861649,19861649
2251,JUCEMG,1,60,9,0,510604,510604,0,1000,1000,1000,1000,1000,1000
2251,JUCEMG,4,60,1,0,7698833,7698833,0,7698833,7698833,7698833,7698833,7698833,7698833
2251,JUCEMG,3,60,1,0,9212005,9212005,0,9618254,9618254,10042419,10042419,10485290,10485290
2261,FUNED,1,10,1,0,106473954,106473954,0,109534369,109534369,112682751,112682751,115921628,115921628
2261,FUNED,3,10,7,0,13633606,13633606,0,14025482,14025482,14428621,14428621,14843348,14843348
2261,FUNED,1,60,9,0,5143217,5143217,0,1000,1000,1000,1000,1000,1000
2261,FUNED,3,10,1,0,519119331,519119331,0,542012493,542012493,565915244,565915244,590872106,590872106
2261,FUNED,4,10,1,0,12259635,12259635,0,12259635,12259635,12259635,12259635,12259635,12259635
2261,FUNED,1,57,2,0,13845,13845,0,14121,14121,14403,14403,14691,14691
2271,FHEMIG,1,10,9,0,37543416,37543416,0,1000,1000,1000,1000,1000,1000
2271,FHEMIG,3,10,9,0,1375120,1375120,0,0,0,0,0,0,0
2271,FHEMIG,1,57,2,0,32667892,32667892,0,33606876,33606876,34572850,34572850,35566589,35566589
2271,FHEMIG,3,10,1,0,825383444,825383444,0,861782854,861782854,899787478,899787478,939468106,939468106
2271,FHEMIG,4,10,1,0,6800000,6800000,0,6800000,6800000,6800000,6800000,6800000,6800000
2271,FHEMIG,3,10,7,0,190965942,190965942,0,196454938,196454938,202101706,202101706,207910780,207910780
2271,FHEMIG,1,10,1,0,1374080023,1374080023,0,1413575645,1413575645,1454206502,1454206502,1496005225,1496005225
2281,UTRAMIG,3,10,7,0,432610,432610,0,443204,443204,454058,454058,465178,465178
2281,UTRAMIG,3,10,1,0,4805828,4805828,0,5017765,5017765,5239048,5239048,5470090,5470090
2281,UTRAMIG,1,10,9,0,1000,1000,0,1000,1000,1000,1000,1000,1000
2281,UTRAMIG,1,10,1,0,2507880,2507880,0,2569294,2569294,2632212,2632212,2696671,2696671
2301,DER-MG,4,25,1,0,9852323,9852323,0,0,0,0,0,0,0
2301,DER-MG,4,10,0,0,262657013,262657013,0,262657013,262657013,262657013,262657013,262657013,262657013
2301,DER-MG,3,10,7,0,33007425,33007425,0,33815725,33815725,34643819,34643819,35492191,35492191
2301,DER-MG,4,10,1,0,8927956,8927956,0,8927956,8927956,8927956,8927956,8927956,8927956
2301,DER-MG,4,33,0,0,37090841,37090841,0,37090841,37090841,37090841,37090841,37090841,37090841
2301,DER-MG,1,10,1,0,140635765,140635765,0,144079711,144079711,147607993,147607993,151222677,151222677
2301,DER-MG,4,32,0,0,347605867,347605867,0,347605867,347605867,347605867,347605867,347605867,347605867
2301,DER-MG,3,91,1,0,5209550,5209550,0,5417932,5417932,5634649,5634649,5860035,5860035
2301,DER-MG,4,89,1,0,188282754,188282754,0,188282754,188282754,188282754,188282754,188282754,188282754
2301,DER-MG,3,10,1,0,94688224,94688224,0,98475753,98475753,102414783,102414783,106511374,106511374
2301,DER-MG,4,95,1,0,257768258,257768258,0,0,0,0,0,0,0
2301,DER-MG,4,80,1,0,264632855,264632855,0,0,0,0,0,0,0
2301,DER-MG,1,10,9,0,111502952,111502952,0,1000,1000,1000,1000,1000,1000
2301,DER-MG,3,10,9,0,25739206,25739206,0,0,0,0,0,0,0
2301,DER-MG,4,51,1,0,113106854,113106854,0,113106854,113106854,113106854,113106854,113106854,113106854
2311,UNIMONTES,3,60,3,0,10976,10976,0,11305,11305,11644,11644,11994,11994
2311,UNIMONTES,1,60,1,0,1767898,1767898,0,1811780,1811780,1856751,1856751,1902838,1902838
2311,UNIMONTES,1,10,1,0,359358395,359358395,0,368278064,368278064,377419129,377419129,386787085,386787085
2311,UNIMONTES,3,10,7,0,43564224,43564224,0,44645536,44645536,45753688,45753688,46889345,46889345
2311,UNIMONTES,3,60,9,0,171847,171847,0,0,0,0,0,0,0
2311,UNIMONTES,3,10,1,0,120604421,120604421,0,125923076,125923076,131476284,131476284,137274388,137274388
2311,UNIMONTES,3,60,1,0,9938516,9938516,0,10376805,10376805,10834422,10834422,11312220,11312220
2311,UNIMONTES,4,10,1,0,5656052,5656052,0,5656052,5656052,5656052,5656052,5656052,5656052
2311,UNIMONTES,3,10,3,0,362329,362329,0,373199,373199,384395,384395,395926,395926
2311,UNIMONTES,1,60,9,0,2589747,2589747,0,1000,1000,1000,1000,1000,1000
2311,UNIMONTES,1,57,2,0,1794000,1794000,0,1838530,1838530,1884165,1884165,1930933,1930933
2321,HEMOMINAS,1,10,1,0,192029892,192029892,0,197549469,197549469,203227697,203227697,209069136,209069136
2321,HEMOMINAS,1,60,9,0,4606720,4606720,0,1000,1000,1000,1000,1000,1000
2321,HEMOMINAS,4,10,1,0,17565279,17565279,0,17565279,17565279,17565279,17565279,17565279,17565279
2321,HEMOMINAS,3,10,7,0,25977016,25977016,0,26723682,26723682,27491810,27491810,28282016,28282016
2321,HEMOMINAS,1,57,2,0,780000,780000,0,802420,802420,825485,825485,849213,849213
2321,HEMOMINAS,4,10,3,0,491086,491086,0,505819,505819,520993,520993,536623,536623
2321,HEMOMINAS,3,10,1,0,190600641,190600641,0,199026041,199026041,207803089,207803089,216967205,216967205
2331,IPEMMG,1,10,1,0,500000,500000,0,512245,512245,524790,524790,537642,537642
2331,IPEMMG,3,73,1,0,22357737,22357737,0,23343713,23343713,24373171,24373171,25448028,25448028
2331,IPEMMG,3,73,7,0,5459152,5459152,0,5592838,5592838,5729798,5729798,5870112,5870112
2331,IPEMMG,4,73,1,0,1150000,1150000,0,1150000,1150000,1150000,1150000,1150000,1150000
2331,IPEMMG,1,73,9,0,959272,959272,0,1000,1000,1000,1000,1000,1000
2331,IPEMMG,1,73,1,0,14323839,14323839,0,14674607,14674607,15033965,15033965,15402123,15402123
2351,UEMG,1,10,9,0,6976477,6976477,0,1000,1000,1000,1000,1000,1000
2351,UEMG,3,10,9,0,140240,140240,0,0,0,0,0,0,0
2351,UEMG,4,10,1,0,9021190,9021190,0,9021190,9021190,9021190,9021190,9021190,9021190
2351,UEMG,3,10,3,0,62019,62019,0,63879,63879,65796,65796,67770,67770
2351,UEMG,1,10,1,0,279176598,279176598,0,286106067,286106067,293207533,293207533,300485265,300485265
2351,UEMG,4,10,3,0,20112,20112,0,20715,20715,21337,21337,21977,21977
2351,UEMG,3,10,1,0,142282919,142282919,0,148557596,148557596,155108986,155108986,161949292,161949292
2351,UEMG,3,10,7,0,38702614,38702614,0,39663256,39663256,40647742,40647742,41656664,41656664
2371,IMA,4,47,1,0,56250,56250,0,56250,56250,56250,56250,56250,56250
2371,IMA,1,10,1,0,188357283,188357283,0,192953201,192953201,197661259,197661259,202484194,202484194
2371,IMA,1,91,1,0,38768057,38768057,0,39713998,39713998,40683020,40683020,41675686,41675686
2371,IMA,1,60,1,0,10073259,10073259,0,10319047,10319047,10570832,10570832,10828760,10828760
2371,IMA,3,91,9,0,141774,141774,0,0,0,0,0,0,0
2371,IMA,1,91,9,0,9765610,9765610,0,1000,1000,1000,1000,1000,1000
2371,IMA,3,10,7,0,31794898,31794898,0,32573505,32573505,33371179,33371179,34188386,34188386
2371,IMA,3,80,1,0,6874243,6874243,0,0,0,0,0,0,0
2371,IMA,3,60,1,0,9540210,9540210,0,9821775,9821775,10214646,10214646,10623232,10623232
2371,IMA,3,91,1,0,14364902,14143856,221046,15030498,15030498,15631718,15631718,16256987,16256987
2371,IMA,4,91,1,0,87500,113750,0,87500,87500,87500,87500,87500,87500
2421,IDENE,1,71,1,0,8973304,8973304,0,9193046,9193046,9418170,9418170,9648806,9648806
2421,IDENE,3,10,9,0,1000,1000,0,1000,1000,1000,1000,1000,1000
2421,IDENE,3,71,7,0,1946428,1946428,0,1994093,1994093,2042926,2042926,2092954,2092954
2421,IDENE,3,71,1,0,13507433,13507433,0,14047730,14047730,14609639,14609639,15194025,15194025
2431,AGÊNCIA RMBH,3,10,1,0,2172720,2172720,0,2268537,2268537,2368579,2368579,2473033,2473033
2431,AGÊNCIA RMBH,1,10,1,0,4082498,4082498,0,4182472,4182472,4284895,4284895,4389826,4389826
2431,AGÊNCIA RMBH,3,60,1,0,1260340,1260340,0,1315921,1315921,1373953,1373953,1434544,1434544
2431,AGÊNCIA RMBH,1,10,9,0,1000,1000,0,1000,1000,1000,1000,1000,1000
2431,AGÊNCIA RMBH,3,10,7,0,506188,506188,0,518584,518584,531284,531284,544295,544295
2441,ARSAE -MG,1,59,9,0,374926,374926,0,1000,1000,1000,1000,1000,1000
2441,ARSAE -MG,1,59,1,0,15937934,15937934,0,16328229,16328229,16728082,16728082,17137726,17137726
2441,ARSAE -MG,3,59,1,0,4550683,3259710,1290973,3403463,3403463,3553556,3553556,3710268,3710268
2441,ARSAE -MG,3,59,7,0,1226724,1226724,0,1256765,1256765,1287542,1287542,1319072,1319072
2461,ARMVA,4,32,1,0,35000,35000,0,36544,36544,38156,38156,39839,39839
2461,ARMVA,3,10,3,1,96325,96325,0,100573,100573,105008,105008,109639,109639
2461,ARMVA,1,10,1,0,2143140,2143140,0,2195623,2195623,2249391,2249391,2304475,2304475
2461,ARMVA,3,32,1,0,1091222,1091222,0,1139345,1139345,1189590,1189590,1242051,1242051
2461,ARMVA,3,60,1,0,55000,55000,0,57426,57426,59958,59958,62602,62602
2461,ARMVA,3,10,1,0,214920,214920,0,224398,224398,234294,234294,244626,244626
2461,ARMVA,3,10,7,0,250227,250227,0,256355,256355,262633,262633,269065,269065
2461,ARMVA,3,32,1,1,2815305,2815305,0,2939460,2939460,3069090,3069090,3204437,3204437
2461,ARMVA,1,10,9,0,1000,1000,0,1000,1000,1000,1000,1000,1000
2471,ARTEMIG,3,10,1,0,15508639,15508639,0,16128985,16128985,16774144,16774144,17445110,17445110
2471,ARTEMIG,1,10,1,0,6117900,6117900,0,6267789,6267789,6421350,6421350,6578673,6578673
2471,ARTEMIG,3,10,7,0,607000,607000,0,621872,621872,637108,637108,652717,652717
2471,ARTEMIG,4,10,1,0,7680000,7680000,0,7680000,7680000,7680000,7680000,7680000,7680000
3041,EMATER,4,60,3,0,264662,264662,0,272602,272602,280780,280780,289203,289203
3041,EMATER,3,60,3,0,156817,156817,0,161521,161521,166367,166367,171358,171358
3041,EMATER,4,60,1,0,9735338,9735338,0,9735338,9735338,9735338,9735338,9735338,9735338
3041,EMATER,1,10,1,0,227035164,227035164,0,232711043,232711043,238528819,238528819,244492040,244492040
3041,EMATER,3,67,1,0,59418343,59418343,0,61795077,61795077,64266880,64266880,66837555,66837555
3041,EMATER,1,60,9,0,1000,1000,0,1000,1000,1000,1000,1000,1000
3041,EMATER,1,67,1,0,46381657,46381657,0,47513369,47513369,48672695,48672695,49860309,49860309
3041,EMATER,1,60,1,0,16649825,16649825,0,17056081,17056081,17472249,17472249,17898572,17898572
3041,EMATER,3,80,1,0,40000000,40000000,0,0,0,0,0,0,0
3041,EMATER,3,60,1,0,25892358,25892358,0,26928052,26928052,28005174,28005174,29125381,29125381
3051,EPAMIG,1,10,1,0,115774589,115774589,0,118609724,118609724,121514287,121514287,124489978,124489978
3051,EPAMIG,1,10,9,0,1000,1000,0,1000,1000,1000,1000,1000,1000
3051,EPAMIG,4,10,3,0,41000,41000,0,42230,42230,43497,43497,44802,44802
3051,EPAMIG,3,60,1,0,19693176,19693176,0,20561645,20561645,21468414,21468414,22415171,22415171
3051,EPAMIG,4,60,1,0,5700000,5700000,0,5700000,5700000,5700000,5700000,5700000,5700000
3051,EPAMIG,4,10,1,0,12802591,12802591,0,9167632,9167632,9167632,9167632,9167632,9167632
3051,EPAMIG,3,10,1,0,22835601,22835601,0,23253535,23253535,24279016,24279016,25349721,25349721
3151,EMC,3,10,9,0,1000,1000,0,1000,1000,1000,1000,1000,1000
3151,EMC,1,10,1,0,16730326,16730326,0,17140025,17140025,17559757,17559757,17989768,17989768
3151,EMC,3,10,1,0,17806783,17806783,0,18519054,18519054,19259816,19259816,20030209,20030209
3151,EMC,3,60,1,0,1536000,1536000,0,1597440,1597440,1661338,1661338,1727792,1727792
4151,FASTUR,3,10,1,0,1000,1000,0,1000,1000,1000,1000,1000,1000
4251,FEAS,4,71,1,0,2568384,2568384,0,2568384,2568384,2568384,2568384,2568384,2568384
4251,FEAS,3,71,1,0,163239566,163239566,0,169769149,169769149,176559915,176559915,183622312,183622312
4251,FEAS,4,80,1,0,27847404,27847404,0,27847404,27847404,27847404,27847404,27847404,27847404
4251,FEAS,3,80,1,0,7552959,7552959,0,7552959,7552959,7552959,7552959,7552959,7552959
4291,FES,3,71,1,0,68015473,68015473,0,71416247,71416247,74987061,74987061,78736414,78736414
4291,FES,3,10,7,0,47340795,47340795,0,49707776,49707776,52193226,52193226,54802887,54802887
4291,FES,1,10,1,0,422674856,422674856,0,443808540,443808540,465998911,465998911,489298863,489298863
4291,FES,3,10,1,1,13074424,13074424,0,13728144,13728144,14414552,14414552,15135280,15135280
4291,FES,4,10,1,0,1389694094,1389694094,0,1494355258,1494355258,1569073023,1569073023,1647526675,1647526675
4291,FES,4,80,1,0,76757500,76757500,0,80595378,80595378,84625151,84625151,88856411,88856411
4291,FES,3,10,1,0,10144162308,10144162308,0,10659827560,10659827560,11172774767,11172774767,11708704883,11708704883
4321,FUNPREN,3,10,1,0,1000,1000,0,1000,1000,1000,1000,1000,1000
4331,FDM,3,10,1,0,89400,89400,0,92976,92976,96695,96695,100563,100563
4331,FDM,3,59,1,0,89400,89400,0,92976,92976,96695,96695,100563,100563
4341,FHIDRO,3,31,1,0,36485544,36485544,0,38094556,38094556,39774526,39774526,41528583,41528583
4341,FHIDRO,4,31,1,0,2500000,2500000,0,2500000,2500000,2500000,2500000,2500000,2500000
4541,FAHMEMG,3,60,1,0,477606,477606,0,498668,498668,520659,520659,543620,543620
4551,FUNAPEC,3,59,9,0,380000,380000,0,1000,1000,1000,1000,1000,1000
4551,FUNAPEC,3,59,1,0,91711002,91711002,0,95379442,95379442,99194620,99194620,103162405,103162405
4551,FUNAPEC,3,10,1,0,34326424,34326424,0,35840219,35840219,37420773,37420773,39071029,39071029
4621,MG INVESTE,5,60,1,0,1000,1000,0,1000,1000,1000,1000,1000,1000
4621,MG INVESTE,3,60,1,0,15799000,15799000,0,15799000,15799000,15799000,15799000,15799000,15799000
4631,FPP - MG,3,10,1,0,256055154,256055154,0,266297360,266297360,276949254,276949254,288027224,288027224
4631,FPP - MG,5,10,1,0,197310427,197310427,0,197310427,197310427,197310427,197310427,197310427,197310427
4631,FPP - MG,5,80,1,0,345000000,345000000,0,0,0,0,0,0,0
4631,FPP - MG,5,89,1,0,60538046,60538046,0,60538046,60538046,60538046,60538046,60538046,60538046
4631,FPP - MG,5,95,1,0,500842252,500842252,0,0,0,0,0,0,0
4631,FPP - MG,5,10,0,0,51834000,51834000,0,51834000,51834000,51834000,51834000,51834000,51834000
4641,FGP - MG,3,10,1,0,1000,1000,0,1000,1000,1000,1000,1000,1000
4651,FECIDAT,3,10,1,0,2000,2000,0,2000,2000,2000,2000,2000,2000
4661,FAIMG,3,60,1,0,1000,1000,0,1000,1000,1000,1000,1000,1000
4671,FIIMG,3,10,1,0,1000,1000,0,1000,1000,1000,1000,1000,1000
4701,FET-MG,3,10,3,0,2720802,2720802,0,2802426,2802426,2886499,2886499,2973094,2973094
4711,FFP - MG,1,10,9,0,9000000,9000000,0,1000,1000,1000,1000,1000,1000
4711,FFP - MG,1,10,1,0,7257093425,7257093425,0,9724726538,9724726538,9949367698,9949367698,10179198069,10179198069
4711,FFP - MG,1,15,1,0,4747097838,4747097838,0,2547554643,2547554643,2606403155,2606403155,2666611068,2666611068
4711,FFP - MG,1,61,1,0,67669414,67669414,0,69232577,69232577,70831850,70831850,72468066,72468066
4711,FFP - MG,3,10,1,0,25000000,25000000,0,26000000,26000000,27000000,27000000,28000000,28000000
4711,FFP - MG,1,60,2,0,302182790,302182790,0,309163212,309163212,316304882,316304882,323611525,323611525
4711,FFP - MG,1,44,1,0,81000000,81000000,0,82871100,82871100,84785422,84785422,86743965,86743965
4711,FFP - MG,1,52,2,0,4859876,4859876,0,4972139,4972139,5086995,5086995,5204505,5204505
4721,FEPREMG,3,10,1,0,1000,1000,0,1044,1044,1090,1090,1138,1138
